Scenario_No,Run_No,TT_seg_len,Avg_TT,Avg_TT_CHGV,Max_TT,Max_TT_CHGV,std_TT,std_TT_21,Max_Queue_Len_ramp1,Avg_Queue_Len_ramp1,Std_Queue_ramp1,Max_Queue_Len_freln1,Avg_Queue_freln1,Std_Queue_freln1,Max_Queue_Len_ramp2,Avg_Queue_Len_ramp2,Std_Queue_ramp2,Max_Queue_Len_freln2,Avg_Queue_freln2,Std_Queue_freln2
Scenario1,1,3800,42.9517,44.469,56.7708,54.0822,2.74888,3.24366,134.102,24.3913,39.8666,99.4608,10.1195,19.9365,177.286,46.6011,51.922,249.467,27.37,54.4141
Scenario1,2,3800,42.4595,42.8103,49.0052,50.0184,1.46752,2.3688,155.933,43.2239,47.1679,94.3761,14.2943,23.2763,180.66,41.8203,54.3055,119.368,18.0018,29.6891
Scenario1,3,3800,44.347,44.6958,66.2777,64.3805,5.73056,4.83515,199.728,34.1417,54.5593,113.658,13.6363,27.7251,233.421,53.7363,57.567,665.386,62.6528,149.066
Scenario1,4,3800,43.4043,44.9331,52.0882,53.3047,2.1929,3.47237,167.302,32.7431,47.7105,161.586,13.0086,28.2297,150.531,48.0287,47.8163,169.504,21.8033,34.8483
Scenario1,5,3800,42.8916,44.4886,54.5225,56.3787,2.4146,4.04937,138.596,39.3033,46.2634,117.982,16.0075,25.9734,147.597,50.3991,55.3194,216.269,27.3054,44.2957
Scenario2,1,5499.95,62.2459,64.4713,73.95,75.2139,2.91238,3.82119,131.68,24.2059,39.5214,96.8747,9.42181,18.9836,229.471,48.2099,59.8604,179.348,26.628,42.8765
Scenario2,2,5499.95,61.4241,62.1549,64.84,69.1898,1.52987,2.43918,157.848,42.8096,48.7617,91.7899,12.5575,22.1762,155.404,38.6292,44.3032,70.0388,13.4489,17.2217
Scenario2,3,5499.95,62.2338,63.2134,69.1934,68.7073,2.31694,2.90449,197.151,35.511,55.1068,111.11,14.1922,27.8119,178.386,64.8912,52.4984,146.096,29.6929,39.0494
Scenario2,4,5499.95,62.6321,63.7731,71.2709,71.1578,2.37857,3.54519,164.88,33.7477,49.4991,159,18.4072,37.1115,425.377,79.3335,94.7891,259.208,41.3998,61.3676
Scenario2,5,5499.95,62.0362,63.5766,69.7375,75.1037,2.36911,3.89286,139.756,39.2657,46.2883,115.396,16.4574,26.8674,184.354,35.9231,48.0111,183.25,18.9097,37.0612
Scenario3,1,3800,42.8348,43.8871,56.6518,52.6261,2.55873,2.68618,154.565,35.1496,43.7767,154.069,14.7042,27.2039,193.862,51.382,52.1307,207.641,23.3628,40.0856
Scenario3,2,3800,42.5909,43.375,50.1836,48.2889,1.46764,2.04349,155.933,40.8742,47.7289,94.3761,15.7957,25.4765,178.785,46.6451,56.8984,105.032,18.1897,29.1213
Scenario3,3,3800,43.0835,43.5405,51.9259,51.8522,2.16026,2.44343,168.963,35.868,49.5423,103.716,13.4183,24.4762,281.84,52.8229,59.176,139.552,16.3265,25.8246
Scenario3,4,3800,43.4648,45.2897,51.2329,63.3298,2.46077,4.9221,184.432,50.3522,52.4266,161.586,22.3802,32.629,186.118,64.0225,52.948,202.105,28.104,38.9895
Scenario3,5,3800,43.255,43.9912,57.0206,54.0836,2.96054,3.23487,200.703,45.0245,58.5156,164.171,20.9865,38.1583,183.611,44.5932,57.6069,295.418,24.7656,53.9195
Scenario4,1,5499.95,62.0769,63.5395,73.5661,72.5149,2.61523,3.01366,152.143,34.6707,42.7198,151.483,14.5983,26.684,348.267,56.3742,75.2921,126.453,26.004,36.6876
Scenario4,2,5499.95,61.8162,62.7555,66.8137,73.3271,1.74589,3.32861,157.848,39.3145,47.6869,91.7899,14.3713,24.468,176.508,55.5078,50.1594,118.657,24.6495,27.8615
Scenario4,3,5499.95,62.6549,63.4302,70.8026,76.0551,2.67087,3.8766,166.541,35.9249,49.5744,101.13,12.684,23.6654,244.288,63.3297,63.8641,185.693,32.264,45.5457
Scenario4,4,5499.95,63.2026,64.9383,73.5836,85.8323,3.2055,5.74144,182.01,52.7106,53.1877,187.186,26.7934,39.6717,604.29,90.9013,133.467,294.158,43.9522,74.1502
Scenario4,5,5499.95,61.9759,63.2667,68.193,68.8681,2.16698,2.90266,197.922,44.4122,57.8562,161.585,20.3125,37.1095,165.763,42.1866,50.6432,135.929,19.8176,31.3471
Scenario5,1,3800,42.6867,43.6009,54.3297,55.4469,2.15736,2.8805,179.137,38.2373,55.1215,127.529,19.7647,32.5643,188.718,55.1968,54.8004,264.593,22.8992,40.7392
Scenario5,2,3800,42.8309,43.7861,48.8615,51.5882,1.83214,2.4793,210.192,49.7862,58.3517,122.691,18.9406,28.6347,193.774,70.4189,60.679,131.607,27.9646,33.7372
Scenario5,3,3800,43.0407,43.8977,51.1547,53.6238,2.02358,2.63645,214.199,56.5426,58.252,117.179,21.2484,28.379,222.378,65.9312,62.4526,97.5585,21.3164,28.8164
Scenario5,4,3800,44.3779,44.9792,53.7154,57.6071,3.20253,4.05602,193.003,68.7855,58.5462,114.881,30.3203,34.4727,261.061,90.2889,70.9528,232.157,53.389,62.8312
Scenario5,5,3800,42.7717,43.6883,47.5278,49.4609,1.46894,2.16914,200.703,60.0381,62.4919,164.171,23.4051,33.5317,284.904,74.6018,70.6499,169.282,28.8374,38.3738
Scenario6,1,5499.95,62.1508,63.7458,71.5903,77.9513,2.60839,3.49222,176.715,37.3889,53.3193,168.575,21.8037,37.4716,179.419,52.5164,55.2922,176.692,27.1974,43.4663
Scenario6,2,5499.95,62.0696,63.464,72.6696,78.2412,2.51566,3.86556,207.77,49.4271,57.8957,106.95,18.2813,27.7535,294.421,84.8735,69.8434,212.538,46.9947,52.6515
Scenario6,3,5499.95,62.5302,64.141,71.4471,75.1942,2.65335,3.73419,211.777,52.0638,59.0197,112.031,20.0662,28.7495,185.01,74.9507,50.5811,123.786,32.2609,33.2477
Scenario6,4,5499.95,62.6712,63.6264,71.5821,73.2694,2.53441,3.67599,190.581,67.6566,58.6223,116.411,28.7926,34.2872,371.511,87.4709,77.9058,289.475,51.6905,66.1343
Scenario6,5,5499.95,61.8814,63.1691,70.362,71.2073,1.9399,2.97195,197.922,59.4139,61.7633,161.585,22.4199,32.8197,237.948,62.2969,68.6865,135.929,26.456,37.6388
Scenario7,1,3800,42.8039,43.596,50.1488,51.6283,2.07829,2.71565,187.458,69.5078,57.0883,126.629,24.3134,27.5212,274.116,86.5504,60.796,364.242,41.3732,60.3723
Scenario7,2,3800,42.9166,43.8284,50.6747,51.0225,1.97519,2.72305,238.398,81.9266,65.8023,179.589,38.1311,40.3907,176.054,79.9281,57.3587,207.29,36.1275,47.9191
Scenario7,3,3800,43.115,44.3117,46.7659,50.8675,1.47794,2.20606,229.444,76.3551,64.4507,140.791,31.6189,35.9101,254.815,90.4481,63.3611,144.587,34.2724,33.3226
Scenario7,4,3800,43.4131,44.5117,49.6186,53.3616,2.04807,2.99792,281.772,111.234,75.3019,166.214,45.0953,42.077,178.58,81.6955,56.4024,270.383,44.388,55.3003
Scenario7,5,3800,43.0856,44.2709,51.2462,54.5719,2.09437,3.09729,239.092,75.5529,62.9196,150.496,31.249,32.2814,272.733,89.9679,66.7501,299.772,42.0672,55.1538
Scenario8,1,5499.95,62.0774,63.8076,68.0331,74.0826,2.21412,3.66037,185.036,70.0546,56.9145,93.6141,22.4614,25.0251,206.01,78.2311,60.1076,270.336,42.6685,60.1
Scenario8,2,5499.95,62.0977,64.0521,69.7771,76.6622,2.33023,4.08827,235.976,82.5847,64.7769,165.552,38.3491,39.5508,213.956,103.218,56.4452,369.575,58.6415,68.1359
Scenario8,3,5499.95,62.3048,64.2795,67.9102,80.8936,2.02889,3.86891,227.022,74.4874,61.1247,138.205,31.1616,35.3803,254.949,91.2715,59.0343,225.781,53.0413,58.3098
Scenario8,4,5499.95,63.0718,65.179,69.7422,78.0825,2.65092,4.5256,279.35,112.219,75.8116,215.581,50.1463,48.8909,336.101,92.6621,82.6472,224.963,48.5637,57.4521
Scenario8,5,5499.95,62.0896,63.9313,73.5468,76.6684,2.39696,3.68983,236.67,77.8134,64.5465,99.3522,29.9147,30.0731,254.802,106.283,67.0257,803.125,59.8398,110.248
Scenario9,1,3800,42.9977,44.0584,57.7263,56.5883,2.84032,4.18043,116.222,20.8084,35.4222,102.529,7.74515,18.357,176.426,50.5389,49.7128,414.043,29.7577,65.1683
Scenario9,2,3800,42.4928,42.7594,48.4485,49.5371,1.5263,2.25356,171.922,42.9525,48.5051,143.529,13.9923,26.2299,178.373,39.5264,51.7399,105.032,18.2803,28.2028
Scenario9,3,3800,43.2291,43.6352,52.9114,54.6435,2.55052,3.79861,167.126,25.153,41.3641,121.743,10.5539,24.427,173.441,37.0932,50.2397,79.6551,15.0396,25.9306
Scenario9,4,3800,43.2355,44.1723,51.2352,53.4,2.19902,3.92487,166.777,33.8456,48.0498,103.135,14.0918,25.6011,185.786,46.8751,48.1077,162.788,19.5394,30.9185
Scenario9,5,3800,42.9568,43.4579,55.6347,56.0768,2.66943,3.33029,138.596,36.6087,46.2686,146.24,18.3701,31.71,208.887,44.5344,56.1376,264.049,31.7053,57.9882
Scenario10,1,5499.95,62.4855,63.8399,72.8548,73.879,3.18983,5.14076,169.95,22.1907,39.6685,80.654,7.75974,17.8622,226.357,62.0461,69.1819,241.507,28.7009,49.3554
Scenario10,2,5499.95,61.3534,62.0006,64.8321,71.2045,1.60284,2.62547,169.5,43.8153,49.5519,140.947,13.75,26.2144,182.817,35.4092,51.1192,78.3106,13.329,21.6687
Scenario10,3,5499.95,62.2396,62.1748,69.479,68.7231,2.26002,2.68992,164.703,26.5897,41.8704,119.157,10.0403,23.6907,197.355,54.6649,61.3386,141.816,30.6741,40.5968
Scenario10,4,5499.95,62.7375,63.272,74.698,72.3362,2.7779,3.6386,164.355,35.0971,50.0745,100.548,14.7471,26.5016,175.158,58.6394,48.5206,167.62,31.8916,40.5785
Scenario10,5,5499.95,61.646,62.6986,65.5656,69.985,1.70659,3.26146,161.938,37.3122,48.1449,139.565,17.7213,30.7101,216.051,44.357,59.1906,227.097,20.8951,42.8753
Scenario11,1,3800,43.1496,43.332,58.0288,57.9065,3.54517,3.43745,182.113,25.9546,46.9364,140.32,11.9946,27.2482,193.862,34.7132,48.157,287.897,30.0112,65.5899
Scenario11,2,3800,42.6088,42.5842,51.4331,55.8784,1.872,2.62965,171.921,35.7001,46.1105,143.522,12.7465,25.7114,178.373,43.0873,52.2673,120.296,20.7496,31.4959
Scenario11,3,3800,42.9613,43.0898,53.1519,51.883,2.21542,2.61932,137.192,31.238,41.3576,121.743,11.8247,25.4414,173.441,39.6356,47.0905,182.603,15.8893,29.3232
Scenario11,4,3800,44.3162,45.1431,57.7051,57.9317,3.98102,4.76586,149.951,38.9558,49.494,103.135,16.9644,28.8594,138.133,51.9595,46.4248,327.561,45.5967,73.8441
Scenario11,5,3800,43.1405,43.1891,56.0971,55.9946,3.15223,3.715,196.411,37.5422,52.1956,117.794,18.6167,31.1202,148.359,39.8904,49.3008,320.886,26.795,56.9588
Scenario12,1,5499.95,61.9838,62.4038,72.4797,73.4402,2.76603,3.57212,179.692,26.4474,46.9156,137.733,11.3583,26.3549,207.637,57.507,61.9649,144.678,24.7925,34.0278
Scenario12,2,5499.95,61.4783,61.6962,67.109,71.2045,1.70676,2.7495,169.5,36.8968,45.8259,140.947,12.2972,25.437,216.97,45.425,55.8308,104.516,18.4429,26.171
Scenario12,3,5499.95,62.1533,62.0563,70.103,70.2443,2.24951,2.57029,134.77,29.7163,40.8653,119.157,11.2354,24.7566,265.952,59.5987,64.6959,224.191,38.0798,52.6731
Scenario12,4,5499.95,62.6394,64.1074,72.7015,75.1639,2.69236,3.73127,152.312,40.118,51.3041,100.548,17.3896,29.5859,226,55.6275,61.4451,167.62,26.9274,39.1525
Scenario12,5,5499.95,61.9677,61.947,70.2086,73.1965,2.40932,3.13821,193.989,37.1034,51.7595,115.396,17.5148,29.5157,146.411,35.5918,42.2469,119.002,14.8537,23.5132
Scenario13,1,3800,42.843,42.9154,56.0242,53.6956,2.61624,2.68938,145.936,24.2288,41.3128,89.6034,9.46055,21.8898,209.74,47.3117,48.8328,176.651,25.6807,37.6757
Scenario13,2,3800,42.4383,42.7912,46.4194,48.0105,1.23689,1.86307,131.517,34.4237,44.0275,77.1592,11.5886,18.1093,211.012,50.1412,63.029,105.032,20.6514,29.4903
Scenario13,3,3800,42.5526,42.7924,46.9773,54.1068,1.47834,2.21087,245.121,35.2333,61.1447,157.125,12.3679,28.6746,179.537,48.8798,53.2394,140.181,19.3761,34.8569
Scenario13,4,3800,43.2013,43.6364,49.9515,50.5835,2.08694,2.44051,166.75,40.597,50.238,116.532,23.1765,35.0808,196.243,51.6352,54.4496,181.81,20.9643,35.6009
Scenario13,5,3800,42.4787,42.6638,47.8202,47.896,1.54327,1.98758,159.364,38.448,47.6557,146.413,17.7642,28.6597,353.64,55.2078,76.3666,235.308,24.1701,48.2097
Scenario14,1,5499.95,61.8798,62.6503,70.8705,72.8696,2.58521,3.30929,143.514,24.0693,40.9415,87.006,8.88248,20.7778,159.94,53.583,46.5855,143.8,29.1899,36.3453
Scenario14,2,5499.95,61.5713,62.1892,67.1025,67.6274,1.86131,2.47709,132.657,34.3255,43.9088,74.573,10.6995,17.0198,353.295,68.7143,80.3165,201.331,28.9695,41.723
Scenario14,3,5499.95,61.8834,62.1465,73.3287,70.0084,2.43756,2.58569,242.698,35.1049,60.8412,154.536,12.6692,28.3986,223.054,48.4889,57.4176,263.99,23.8375,45.6317
Scenario14,4,5499.95,62.3956,63.1397,67.3956,69.6504,2.11765,2.70839,164.328,40.2135,49.6735,113.946,21.9873,34.4957,206.698,55.177,56.7963,178.222,28.8485,46.0297
Scenario14,5,5499.95,61.9755,62.9747,71.4289,73.1342,2.43681,3.61244,166.575,38.218,47.6039,146.492,16.7764,28.36,201.731,56.0658,51.5805,193.526,29.6861,42.1291
Scenario15,1,3800,42.1179,42.4165,45.2197,46.4568,1.23348,1.48493,146.822,24.5302,40.7138,103.6,13.2993,26.0539,188.446,47.4397,56.0947,121.195,17.5031,26.4682
Scenario15,2,3800,42.3902,42.8947,45.7606,46.6891,1.13094,1.41413,162.386,38.6864,47.2205,129.876,18.5157,32.7118,247.998,58.1591,64.6001,191.815,24.0887,38.4471
Scenario15,3,3800,42.9314,43.4326,50.2919,54.1204,2.07647,2.5724,207.91,54.7857,63.5419,96.9321,19.3148,25.8642,352.372,64.9337,73.7296,355.954,31.0233,54.2092
Scenario15,4,3800,42.9224,43.4155,50.3182,49.6609,1.84431,2.0907,168.29,60.9075,55.8352,153.692,25.2313,32.7218,169.644,65.0968,57.5762,180.689,32.7821,43.1563
Scenario15,5,3800,42.7866,43.4152,54.7914,56.4227,2.36135,2.7423,167.106,39.9333,49.4815,75.0405,12.629,17.741,262.848,56.8185,63.501,242.323,27.1318,50.5032
Scenario16,1,5499.95,61.7938,62.3179,71.3523,72.6087,2.84944,3.21185,144.4,24.3017,40.3079,99.3001,11.5495,24.4593,256.889,62.4194,65.6479,249.279,40.0324,57.0516
Scenario16,2,5499.95,61.3184,61.9905,66.7132,68.2021,1.75262,2.12433,159.964,38.9454,47.4075,130.353,18.7498,33.171,231.455,66.8479,66.8897,175.589,36.5318,48.9875
Scenario16,3,5499.95,61.6863,62.491,65.5923,68.1227,1.53294,2.13122,205.487,54.8363,63.5749,94.6884,18.1601,25.7125,294.488,83.7443,73.838,192.659,32.3498,41.6647
Scenario16,4,5499.95,62.7441,63.7179,75.1185,76.5766,3.00502,3.6589,165.868,60.1801,55.343,180.247,28.2519,40.5036,390.683,91.4487,106.796,461.565,53.9549,86.6992
Scenario16,5,5499.95,61.669,62.7939,68.8339,73.1117,2.23874,3.07321,164.684,42.1758,50.7983,77.0896,13.4116,19.145,205.141,66.3844,55.8234,149.977,33.038,37.7719
Scenario17,1,3800,43.1114,0,57.4156,0,3.07841,0,234.775,15.2113,42.1492,90.2177,4.45945,15.8916,256.314,51.8133,61.2695,276.428,34.3522,61.8774
Scenario17,2,3800,42.46,0,48.223,0,1.39919,0,149.986,27.9398,44.8355,75.3453,8.21941,16.4735,178.373,37.6697,50.42,105.032,12.8954,24.1829
Scenario17,3,3800,42.8448,0,52.3952,0,1.91473,0,148.836,35.8394,46.8833,117.039,13.3901,24.2905,138.568,43.2976,42.6325,133.33,18.2564,26.3309
Scenario17,4,3800,43.1502,0,49.6871,0,1.91419,0,166.777,30.6412,44.7542,156.645,12.6269,27.3757,141.564,43.2792,46.5023,148.41,18.4093,29.5396
Scenario17,5,3800,43.0576,0,52.7832,0,2.51211,0,191.531,33.2084,47.4232,143.53,17.6272,30.3817,184.319,45.3493,55.6594,229.952,24.1383,44.5432
Scenario18,1,5499.95,62.0705,0,73.6465,0,2.69299,0,79.525,9.94907,26.2978,55.2409,3.52132,11.8104,229.471,44.8779,58.7227,138.5,16.2131,27.6683
Scenario18,2,5499.95,61.3571,0,65.2915,0,1.56003,0,147.564,27.7719,44.4379,72.7591,7.56133,15.5047,255.735,41.1957,53.1408,142.359,17.4851,26.7948
Scenario18,3,5499.95,62.161,0,69.032,0,2.16545,0,150.638,35.7395,46.7533,114.453,12.5888,23.4989,254.434,55.0849,61.0231,234.266,32.2867,48.6162
Scenario18,4,5499.95,62.3282,0,69.8682,0,2.04845,0,164.355,31.8446,46.9404,154.059,12.8771,28.0108,175.158,57.5497,50.8769,167.62,29.0863,38.7249
Scenario18,5,5499.95,61.827,0,67.976,0,1.99391,0,189.109,32.9683,47.1892,140.975,17.2764,29.9512,146.411,37.2184,44.8201,161.933,18.571,31.0675
Scenario19,1,3799.97,41.5136,42.0209,52.19,48.4514,1.71491,1.86277,-1000,-1000,-1000,-1000,-1000,-1000,107.208,7.66721,24.7179,346.939,7.93818,47.0034
Scenario19,2,3799.97,41.3308,41.8249,43.0847,44.7842,0.583057,1.55651,-1000,-1000,-1000,-1000,-1000,-1000,78.9634,4.29068,18.0283,44.2398,1.5535,7.12838
Scenario19,3,3799.97,41.8159,42.6421,51.808,53.4792,1.86878,2.5343,-1000,-1000,-1000,-1000,-1000,-1000,108.706,8.26015,25.018,296.825,13.0832,49.8102
Scenario19,4,3799.97,41.3336,42.3473,43.2058,49.6881,0.734013,1.94811,-1000,-1000,-1000,-1000,-1000,-1000,81.1259,6.19995,20.6751,78.9422,3.44514,12.948
Scenario19,5,3799.97,41.4649,42.5149,44.4284,44.5299,0.828117,1.15029,-1000,-1000,-1000,-1000,-1000,-1000,79.5546,4.20211,17.6612,45.4583,2.99221,10.0443
Scenario20,1,5500,59.4962,59.5929,64.233,61.6847,1.08999,1.31368,-1000,-1000,-1000,-1000,-1000,-1000,113.537,6.36435,23.2966,221.054,7.1281,32.6417
Scenario20,2,5500,59.5125,60.5847,61.2723,63.9228,0.710508,1.46819,-1000,-1000,-1000,-1000,-1000,-1000,79.7162,9.92086,26.2226,78.707,4.5739,13.8352
Scenario20,3,5500,59.465,60.743,61.4514,64.8071,0.822596,1.76152,-1000,-1000,-1000,-1000,-1000,-1000,79.9338,4.32952,18.1921,27.3665,1.38351,5.82325
Scenario20,4,5500,59.4295,61.3227,61.7928,64.738,0.861612,2.38878,-1000,-1000,-1000,-1000,-1000,-1000,150.928,15.5184,37.0817,42.0955,3.74389,10.31
Scenario20,5,5500,59.5107,60.2119,61.1085,64.4194,0.840949,2.07998,-1000,-1000,-1000,-1000,-1000,-1000,80.3376,8.47896,24.4605,27.2223,2.61987,7.62538
Scenario21,1,3799.97,41.4623,42.3025,49.7677,48.7043,1.41116,1.47327,-1000,-1000,-1000,-1000,-1000,-1000,108.019,9.16168,26.6662,283.35,8.39745,39.8212
Scenario21,2,3799.97,41.3351,41.9397,42.5945,44.7123,0.499203,1.29191,-1000,-1000,-1000,-1000,-1000,-1000,79.9175,7.13112,22.7606,55.3776,2.68691,9.09198
Scenario21,3,3799.97,41.6977,42.3194,49.4174,48.6741,1.53473,1.79416,-1000,-1000,-1000,-1000,-1000,-1000,78.7749,9.03853,24.6124,263.612,14.2598,48.7882
Scenario21,4,3799.97,41.4599,42.303,43.7785,45.4182,0.798574,1.37267,-1000,-1000,-1000,-1000,-1000,-1000,81.1259,8.51507,24.565,42.7871,2.94076,9.95217
Scenario21,5,3799.97,41.4034,42.1579,43.1008,44.9894,0.681486,1.17939,-1000,-1000,-1000,-1000,-1000,-1000,80.8352,7.09975,22.6663,45.3479,2.65641,9.77361
Scenario22,1,5500,59.3497,60.3244,61.8998,65.7311,0.870779,2.0493,-1000,-1000,-1000,-1000,-1000,-1000,113.537,7.79092,25.2241,51.0392,3.9211,11.7843
Scenario22,2,5500,59.473,59.7641,61.3379,61.5251,0.697033,1.51481,-1000,-1000,-1000,-1000,-1000,-1000,184.607,9.00076,31.5417,78.707,2.34764,11.5173
Scenario22,3,5500,59.4527,60.7554,61.5937,64.0585,0.839234,1.79253,-1000,-1000,-1000,-1000,-1000,-1000,217.567,19.0918,47.9573,79.0009,4.46717,13.5772
Scenario22,4,5500,59.3728,60.6344,61.649,64.2317,0.896389,1.82782,-1000,-1000,-1000,-1000,-1000,-1000,78.4048,2.82132,14.6583,95.6286,2.72585,14.7095
Scenario22,5,5500,59.4739,60.5014,61.1848,64.4194,0.829613,1.88341,-1000,-1000,-1000,-1000,-1000,-1000,78.9709,9.86645,26.0777,80.9777,4.57368,14.215
Scenario23,1,3799.97,41.4639,42.1259,47.5058,47.9332,1.15488,1.78299,-1000,-1000,-1000,-1000,-1000,-1000,80.497,18.3815,32.2511,185.814,10.0727,27.0947
Scenario23,2,3799.97,41.3627,41.9638,44.6421,45.7832,0.679602,1.19419,-1000,-1000,-1000,-1000,-1000,-1000,112.537,31.2023,39.4018,38.4096,6.22803,10.6229
Scenario23,3,3799.97,41.4082,41.8055,44.2096,44.2245,0.771585,1.07719,-1000,-1000,-1000,-1000,-1000,-1000,150.809,26.948,40.1625,47.1693,7.41606,13.696
Scenario23,4,3799.97,41.4355,41.9623,43.9132,44.132,0.839978,1.21706,-1000,-1000,-1000,-1000,-1000,-1000,183.263,26.4866,43.1966,155.843,11.6246,25.8036
Scenario23,5,3799.97,41.472,42.2183,44.9525,46.0556,0.780424,1.36915,-1000,-1000,-1000,-1000,-1000,-1000,130.069,26.1225,40.2728,71.9118,8.19659,15.0719
Scenario24,1,5500,59.2835,59.5191,61.2027,63.6385,0.813637,1.98727,-1000,-1000,-1000,-1000,-1000,-1000,303.351,21.5128,55.1477,44.5973,5.00885,11.0792
Scenario24,2,5500,59.3397,59.8226,60.8497,62.6458,0.680213,1.62075,-1000,-1000,-1000,-1000,-1000,-1000,237.735,20.6394,51.0001,78.707,4.14747,13.7877
Scenario24,3,5500,59.4111,59.6734,62.1767,65.5313,0.939428,2.1596,-1000,-1000,-1000,-1000,-1000,-1000,191.559,14.393,38.1597,113.887,8.90852,22.9116
Scenario24,4,5500,59.2525,60.0378,61.649,64.367,0.863875,2.02918,-1000,-1000,-1000,-1000,-1000,-1000,176.644,12.4366,40.9172,86.3343,4.58159,16.0251
Scenario24,5,5500,59.4163,60.5738,60.9869,64.4194,0.746742,1.9765,-1000,-1000,-1000,-1000,-1000,-1000,295.07,38.1904,65.672,50.1813,7.66592,13.2708
Scenario25,1,3799.97,41.2511,41.83,44.2256,45.545,0.729718,1.31932,-1000,-1000,-1000,-1000,-1000,-1000,135.762,35.6065,43.7046,90.3353,11.4836,17.0328
Scenario25,2,3799.97,41.4565,42.0526,43.0013,45.3583,0.615044,1.22103,-1000,-1000,-1000,-1000,-1000,-1000,148.322,60.2319,46.721,77.3331,16.6503,18.2427
Scenario25,3,3799.97,41.6803,42.3018,44.6069,46.7287,1.01283,1.39636,-1000,-1000,-1000,-1000,-1000,-1000,141.105,53.004,48.241,165.52,17.2618,27.8127
Scenario25,4,3799.97,41.5274,42.2505,44.5095,46.8392,0.995427,1.45641,-1000,-1000,-1000,-1000,-1000,-1000,135.124,54.4145,48.9817,236.515,19.4327,36.1434
Scenario25,5,3799.97,41.3757,41.9504,44.7752,45.6402,0.913186,1.39669,-1000,-1000,-1000,-1000,-1000,-1000,163.281,43.3134,50.7439,150.793,13.4533,24.0535
Scenario26,1,5500,59.066,59.4618,60.8295,63.415,0.785889,1.82545,-1000,-1000,-1000,-1000,-1000,-1000,302.248,20.6763,58.4772,29.7415,2.72166,7.91661
Scenario26,2,5500,59.3651,59.85,61.3161,63.7174,0.767811,1.65857,-1000,-1000,-1000,-1000,-1000,-1000,496.764,43.6768,97.5356,79.3187,5.75635,14.2171
Scenario26,3,5500,59.2823,59.6876,61.0476,63.024,0.747905,1.55461,-1000,-1000,-1000,-1000,-1000,-1000,463.753,37.8595,92.1807,99.9943,5.72764,17.861
Scenario26,4,5500,59.1435,59.792,61.4199,62.6319,0.953861,1.49192,-1000,-1000,-1000,-1000,-1000,-1000,230.235,27.6765,53.6108,78.4216,8.03102,17.6312
Scenario26,5,5500,59.1183,59.8138,60.6667,64.9072,0.792607,1.90895,-1000,-1000,-1000,-1000,-1000,-1000,325.514,37.5671,74.0908,77.611,8.07569,15.8243
Scenario27,1,3799.97,41.4017,41.0574,50.3637,47.0487,1.43362,1.51413,-1000,-1000,-1000,-1000,-1000,-1000,79.2117,4.74728,18.0402,300.006,6.07114,40.4949
Scenario27,2,3799.97,41.3083,41.262,42.8855,42.65,0.5948,1.11767,-1000,-1000,-1000,-1000,-1000,-1000,78.9634,5.64505,20.3443,44.2398,1.94546,8.36121
Scenario27,3,3799.97,42.0584,42.1055,50.8571,53.9679,2.24671,3.26196,-1000,-1000,-1000,-1000,-1000,-1000,80.6625,9.15505,25.0091,349.182,24.458,71.4563
Scenario27,4,3799.97,41.3127,41.6031,43.2714,46.9272,0.69869,1.65769,-1000,-1000,-1000,-1000,-1000,-1000,77.783,4.67429,17.8723,18.4213,0.919657,3.87744
Scenario27,5,3799.97,41.5184,41.8579,47.367,46.8206,1.0987,1.65764,-1000,-1000,-1000,-1000,-1000,-1000,107.458,9.02768,26.2999,211.023,7.7551,31.8877
Scenario28,1,5500,59.5693,59.3262,65.6577,62.7728,1.24487,1.6508,-1000,-1000,-1000,-1000,-1000,-1000,113.537,9.23375,26.9796,263.96,10.632,40.9879
Scenario28,2,5500,59.5349,59.3806,61.2723,61.3593,0.758453,1.81884,-1000,-1000,-1000,-1000,-1000,-1000,79.8696,9.89195,26.1476,78.707,5.28144,14.616
Scenario28,3,5500,59.5871,59.4476,62.5518,62.6982,0.907962,1.68592,-1000,-1000,-1000,-1000,-1000,-1000,79.9338,7.7955,23.131,102.973,4.71921,15.817
Scenario28,4,5500,59.4837,59.5281,61.7928,63.729,0.90249,2.01506,-1000,-1000,-1000,-1000,-1000,-1000,80.3495,7.22541,23.0619,185.528,8.10722,32.1159
Scenario28,5,5500,59.509,59.3724,61.127,63.5409,0.828085,1.82162,-1000,-1000,-1000,-1000,-1000,-1000,80.3376,9.94655,26.2922,27.2223,2.20545,7.13398
Scenario29,1,3799.97,41.57,41.5858,49.2359,48.8908,1.51869,2.07867,-1000,-1000,-1000,-1000,-1000,-1000,78.8329,2.85972,14.857,196.288,10.173,36.186
Scenario29,2,3799.97,41.3808,41.3944,45.0481,45.2121,0.783596,1.38032,-1000,-1000,-1000,-1000,-1000,-1000,76.7174,1.39486,10.3446,27.4128,0.498414,3.69633
Scenario29,3,3799.97,41.5525,41.5713,49.8325,48.9174,1.44161,1.95584,-1000,-1000,-1000,-1000,-1000,-1000,80.6675,8.58166,24.7522,291.401,10.0997,43.3875
Scenario29,4,3799.97,41.2739,41.479,43.0104,44.6557,0.712871,1.51297,-1000,-1000,-1000,-1000,-1000,-1000,80.4782,9.31678,25.1046,28.2952,1.79581,6.00774
Scenario29,5,3799.97,41.3163,41.3307,43.1008,43.3194,0.656397,1.25145,-1000,-1000,-1000,-1000,-1000,-1000,79.4846,6.1434,20.5009,17.6823,0.629379,3.27058
Scenario30,1,5500,59.4498,59.3937,64.0549,63.5164,1.08429,1.54519,-1000,-1000,-1000,-1000,-1000,-1000,113.537,3.49443,18.4621,192.779,8.42982,32.2914
Scenario30,2,5500,59.482,59.4015,61.315,63.1435,0.759485,1.69203,-1000,-1000,-1000,-1000,-1000,-1000,79.7162,5.65308,20.3741,78.707,3.51135,14.5076
Scenario30,3,5500,59.55,59.4588,62.6776,64.3276,0.930764,1.90544,-1000,-1000,-1000,-1000,-1000,-1000,77.7791,2.80645,14.5807,55.6486,2.04279,9.12551
Scenario30,4,5500,59.4759,59.8931,61.5392,63.6671,0.91341,2.08823,-1000,-1000,-1000,-1000,-1000,-1000,80.3495,9.94599,26.2926,65.4753,6.0767,14.5277
Scenario30,5,5500,59.4646,59.3369,61.4252,62.903,0.843234,1.8628,-1000,-1000,-1000,-1000,-1000,-1000,79.605,7.07952,22.5977,80.9777,3.71319,13.6365
Scenario31,1,3799.97,41.2828,41.2537,46.3661,45.6331,1.06568,1.39296,-1000,-1000,-1000,-1000,-1000,-1000,80.9613,9.87064,26.0932,139.495,5.29626,20.3185
Scenario31,2,3799.97,41.1657,41.341,43.6873,43.2636,0.626612,0.942931,-1000,-1000,-1000,-1000,-1000,-1000,127.004,12.3667,30.8636,52.4867,3.20486,10.4723
Scenario31,3,3799.97,41.4873,41.5157,46.6316,46.7563,1.17441,1.33726,-1000,-1000,-1000,-1000,-1000,-1000,80.3956,15.7501,31.7924,170.7,9.07665,26.4554
Scenario31,4,3799.97,41.1753,41.5039,42.7783,44.0097,0.711424,1.20197,-1000,-1000,-1000,-1000,-1000,-1000,81.1351,9.35155,25.2046,22.2976,2.07302,6.00622
Scenario31,5,3799.97,41.5338,41.6424,47.8704,48.1515,1.17507,1.66481,-1000,-1000,-1000,-1000,-1000,-1000,133.968,11.4638,31.1576,277.063,8.70577,41.4158
Scenario32,1,5500,59.4127,59.3944,64.4867,64.0609,1.14266,1.67855,-1000,-1000,-1000,-1000,-1000,-1000,133.33,10.1855,28.4987,277.335,8.19472,38.852
Scenario32,2,5500,59.3651,59.6624,60.9764,62.6342,0.731534,1.46291,-1000,-1000,-1000,-1000,-1000,-1000,80.3044,8.48226,24.4695,78.707,3.52973,14.5369
Scenario32,3,5500,59.5386,59.6675,62.7327,62.9939,1.04389,1.50912,-1000,-1000,-1000,-1000,-1000,-1000,144.432,9.77066,29.3441,116.734,4.19587,16.8348
Scenario32,4,5500,59.4797,59.9296,61.8261,63.5723,0.977436,1.63665,-1000,-1000,-1000,-1000,-1000,-1000,138.68,10.9618,29.9823,230.832,11.6516,35.4031
Scenario32,5,5500,59.5124,59.6808,61.5453,63.6053,0.809264,1.72627,-1000,-1000,-1000,-1000,-1000,-1000,80.5315,12.777,29.1583,89.678,6.4645,16.5709
Scenario33,1,3799.97,41.1497,41.3866,44.7014,45.7243,0.843858,1.2359,-1000,-1000,-1000,-1000,-1000,-1000,80.0706,15.6602,31.6154,117.568,6.11507,18.0353
Scenario33,2,3799.97,41.306,41.5978,47.6171,48.0718,0.987284,1.08704,-1000,-1000,-1000,-1000,-1000,-1000,170.057,29.6557,44.1345,221.922,12.7895,32.7545
Scenario33,3,3799.97,41.6529,41.8922,48.277,47.7398,1.47879,1.66241,-1000,-1000,-1000,-1000,-1000,-1000,183.749,30.2841,44.8485,386.983,21.8621,63.6884
Scenario33,4,3799.97,41.2185,41.4543,45.4781,46.1958,0.994605,1.21493,-1000,-1000,-1000,-1000,-1000,-1000,137.097,26.7461,44.1793,234.671,12.5471,34.8268
Scenario33,5,3799.97,41.2461,41.5612,45.4873,49.0548,0.87733,1.41694,-1000,-1000,-1000,-1000,-1000,-1000,153.06,18.2099,40.775,363.395,16.1396,59.6473
Scenario34,1,5500,59.3236,59.7433,61.8825,62.2706,0.972006,1.43362,-1000,-1000,-1000,-1000,-1000,-1000,133.874,16.7422,34.5466,87.966,8.75598,20.5638
Scenario34,2,5500,59.4395,59.9303,61.2536,62.3796,0.713743,1.06545,-1000,-1000,-1000,-1000,-1000,-1000,127.179,24.2816,41.0171,147.836,8.77977,21.9351
Scenario34,3,5500,59.5538,59.9117,61.5883,63.1052,0.899022,1.61639,-1000,-1000,-1000,-1000,-1000,-1000,143.456,28.6141,41.727,188.353,11.2918,28.7242
Scenario34,4,5500,59.313,59.6623,63.0231,62.8738,1.01776,1.46584,-1000,-1000,-1000,-1000,-1000,-1000,138.001,21.3613,38.0422,117.222,10.2941,23.033
Scenario34,5,5500,59.333,59.7396,60.9715,63.0068,0.82265,1.32568,-1000,-1000,-1000,-1000,-1000,-1000,111.984,14.568,31.0083,207.209,9.67664,31.0274
Scenario35,1,3799.97,41.5075,0,52.6958,0,1.74018,0,-1000,-1000,-1000,-1000,-1000,-1000,77.832,4.19195,17.616,374.143,10.037,51.6143
Scenario35,2,3799.97,41.3103,0,42.3591,0,0.535093,0,-1000,-1000,-1000,-1000,-1000,-1000,136.033,3.93753,21.1422,48.1719,0.875852,6.49549
Scenario35,3,3799.97,41.4702,0,47.9291,0,1.19526,0,-1000,-1000,-1000,-1000,-1000,-1000,80.3355,5.76197,20.7657,142.332,5.5276,25.2631
Scenario35,4,3799.97,41.3395,0,43.1744,0,0.654906,0,-1000,-1000,-1000,-1000,-1000,-1000,78.9657,5.66846,20.4288,18.4213,0.609527,3.18271
Scenario35,5,3799.97,41.4649,0,44.4729,0,0.839426,0,-1000,-1000,-1000,-1000,-1000,-1000,79.5546,2.88708,14.9992,38.3263,1.59317,7.03028
Scenario36,1,5500,59.6163,0,65.5486,0,1.29434,0,-1000,-1000,-1000,-1000,-1000,-1000,113.537,12.0834,29.8913,342.39,14.8667,55.7552
Scenario36,2,5500,59.5549,0,61.3433,0,0.755216,0,-1000,-1000,-1000,-1000,-1000,-1000,77.6227,5.11429,18.6957,42.5849,1.57872,7.04685
Scenario36,3,5500,59.5854,0,63.3452,0,0.986453,0,-1000,-1000,-1000,-1000,-1000,-1000,80.1474,4.27658,17.9721,247.229,5.58937,33.503
Scenario36,4,5500,59.4775,0,61.7928,0,0.847661,0,-1000,-1000,-1000,-1000,-1000,-1000,138.68,5.43269,23.7377,100.32,3.16051,15.0642
Scenario36,5,5500,59.5515,0,61.166,0,0.793047,0,-1000,-1000,-1000,-1000,-1000,-1000,80.3376,5.67286,20.451,29.4999,1.4812,6.23642
Scenario37,1,4001.4,43.8026,45.3011,51.4923,50.4794,1.32001,1.96055,235.049,60.2889,59.428,178.901,27.695,37.3537,43.8951,2.17039,8.12749,343.191,12.1007,50.4321
Scenario37,2,4001.4,43.6994,45.1655,46.0191,49.6215,0.798716,1.87468,175.086,56.5831,54.668,76.7055,17.827,21.6466,54.4932,0.990786,7.34786,145.495,2.64537,19.6186
Scenario37,3,4001.4,43.6601,45.466,44.994,50.0048,0.644598,1.95231,491.546,83.0274,102.581,294.883,34.2762,47.8079,67.376,1.63419,9.52492,119.433,5.96108,22.4596
Scenario37,4,4001.4,43.829,45.6105,47.3196,51.3035,1.07156,1.90883,301.22,94.302,68.0425,175.247,43.2647,44.7671,41.2767,1.95987,8.41187,191.102,8.51928,33.1579
Scenario37,5,4001.4,43.7179,45.5256,46.435,50.9722,0.889839,2.30271,404.432,62.6588,68.1038,212.37,26.3137,36.3605,32.0514,1.51975,6.43515,153.222,8.44818,31.2401
Scenario38,1,5500.9,59.8898,61.8368,63.6049,68.8302,1.17676,2.47985,220.682,63.3946,58.8131,140.508,28.2605,33.2811,16.6665,0.303028,2.24732,153.8,5.13081,26.7678
Scenario38,2,5500.9,59.8902,61.2749,61.8299,66.804,0.812946,2.05929,220.146,63.7777,54.0704,106.655,22.8294,25.6423,14.6387,0.266158,1.97388,75.846,1.37902,10.2271
Scenario38,3,5500.9,60.1528,61.9279,68.9597,66.603,1.67021,2.23026,248.745,76.249,75.3027,276.771,30.2725,48.9683,78.253,1.79407,10.8555,303.026,6.98174,42.0978
Scenario38,4,5500.9,60.0987,62.4165,63.5209,71.8249,1.17148,2.73305,200.617,83.0114,59.5237,181.405,38.3043,38.4597,22.3039,0.707979,3.71837,153.83,4.23506,23.1476
Scenario38,5,5500.9,59.9759,62.5981,62.5288,75.0904,1.04892,3.37025,292.841,61.9006,68.6316,184.8,27.9338,39.3104,18.3434,0.333517,2.47343,122.025,2.21864,16.4539
Scenario39,1,4001.4,44.0798,45.5062,52.6994,52.0505,1.71945,2.09528,298.666,66.9429,65.1617,119.023,28.5302,31.0431,76.18,4.11193,12.6442,396.78,20.3462,65.9537
Scenario39,2,4001.4,44.0042,45.285,47.5615,52.4318,1.01875,2.2578,218.912,68.3045,57.7534,212.012,28.8431,38.4766,75.1075,4.49,15.6366,306.919,16.9781,52.6183
Scenario39,3,4001.4,43.9924,45.7293,48.0376,53.3838,1.10847,2.28856,260.438,61.711,60.3378,230.398,29.2485,46.7121,130.559,4.92628,19.7378,226.834,18.032,51.1708
Scenario39,4,4001.4,43.8414,45.7881,46.937,58.3965,1.05426,2.62408,308.738,96.2862,71.1165,171.248,42.5851,43.897,40.884,3.05778,9.0842,281.787,15.2401,50.4494
Scenario39,5,4001.4,43.7839,45.5319,46.0927,50.9722,0.888879,2.11631,249.401,54.7279,53.8092,154.607,24.8652,30.6482,78.2624,2.532,11.9005,152.618,9.61588,35.0932
Scenario40,1,5500.9,60.0667,62.1931,63.6049,69.0192,1.21381,2.16013,250.924,73.3169,70.5713,148.447,33.1061,38.2626,17.6794,0.628754,3.2674,127.696,3.74355,20.0234
Scenario40,2,5500.9,60.0301,61.5715,61.5772,66.6125,0.860147,1.96776,198.213,67.9776,56.7944,152.137,24.8805,29.8196,0,0,0,0,0,0
Scenario40,3,5500.9,60.3953,62.0921,70.835,66.9241,1.79329,2.02809,253.883,78.6971,72.7464,255,38.0755,50.3659,20.0509,0.684522,3.5641,257.977,6.8673,38.077
Scenario40,4,5500.9,60.332,62.4472,64.3197,68.1874,1.3506,1.96512,218.147,87.83,61.653,147.088,38.3341,36.3213,25.5482,1.7984,5.83294,132.763,11.726,34.6548
Scenario40,5,5500.9,60.0766,62.5261,63.2371,75.0904,1.16184,2.93145,396.76,68.72,79.9713,186.999,30.721,45.7863,18.3434,0.333517,2.47343,122.025,2.21864,16.4539
Scenario41,1,4001.4,44.481,46.1556,54.0758,55.7504,1.85602,2.42055,464.587,92.8069,89.371,288.818,42.2605,58.4224,81.253,5.00961,14.1454,210.54,21.8082,52.0652
Scenario41,2,4001.4,44.7719,46.3137,54.8282,65.9615,2.25578,3.59496,304.789,85.6809,74.1572,446.092,43.4363,75.7891,156.244,10.7255,27.3872,465.581,36.8444,89.6756
Scenario41,3,4001.4,44.4253,45.708,54.7303,51.632,1.82399,1.90218,569.538,120.308,114.961,313.357,50.8786,52.0359,80.6159,8.00836,21.2212,361.171,29.7929,73.3471
Scenario41,4,4001.4,44.7168,46.3299,57.7464,58.2142,2.40887,3.42912,367.7,122.812,91.9849,229.09,53.4367,53.2211,67.3576,7.59444,15.0929,707.457,53.3814,117.389
Scenario41,5,4001.4,44.1595,46.2197,47.3293,52.2592,1.11008,2.16386,433.126,84.6706,82.2236,244.936,37.072,44.2729,60.7099,4.84653,11.9572,173.637,19.0248,43.0143
Scenario42,1,5500.9,60.2708,62.2714,62.9197,67.1988,1.07604,1.78389,449.508,92.736,88.9649,270.415,34.6273,45.0474,86.7317,3.41084,13.5375,172.852,10.5779,35.4821
Scenario42,2,5500.9,60.5889,62.5516,65.2311,68.3445,1.33967,2.59691,238.657,82.8595,68.339,157.205,33.0991,37.8068,51.2697,2.02859,8.18207,569.975,19.3808,87.8501
Scenario42,3,5500.9,60.3371,62.16,64.6504,70.4204,1.3283,2.20942,642.713,117.217,136.31,298.498,43.2622,54.5829,21.486,1.07048,4.51156,224.17,9.3495,37.4953
Scenario42,4,5500.9,60.7726,62.4293,69.2211,77.0664,1.96535,3.0323,541.756,164.781,113.033,335.538,72.4617,74.5919,27.2995,1.4653,5.40093,156.465,11.2884,37.1109
Scenario42,5,5500.9,60.4194,62.7369,64.4065,74.5752,1.22882,2.85195,457.354,86.4585,81.0748,235.304,45.662,54.5079,19.9761,1.02698,4.32988,300.321,10.343,47.2263
Scenario43,1,4001.4,45.6177,47.339,58.5911,62.8016,3.20367,4.12094,328.657,109.767,85.4731,189.288,47.6084,43.8828,106,9.92469,20.4546,589.328,67.3553,129.343
Scenario43,2,4001.4,45.8878,47.9111,51.1391,57.6073,2.15493,3.28823,584.04,120.988,122.797,272.106,52.9366,65.0836,128.426,19.1377,29.5874,521.221,99.8219,135.091
Scenario43,3,4001.4,45.9395,48.0416,59.0255,67.9568,3.2336,4.68796,596.951,145.602,111.794,309.874,60.0092,61.0829,243.319,15.0493,36.8609,753.456,70.9339,143.756
Scenario43,4,4001.4,47.0514,49.6331,62.5167,72.3492,4.25128,5.65575,974.363,206.654,157.431,627.352,103.18,122.388,146.891,15.4687,30.988,754.153,119.147,192.902
Scenario43,5,4001.4,45.8209,48.0603,57.2345,62.7057,3.04948,4.33659,582.098,129.78,118.85,293.247,62.1926,76.7715,77.8487,14.1448,22.0145,708.831,88.0333,135.999
Scenario44,1,5500.9,61.6965,63.9841,72.3621,81.1607,2.55088,3.9593,260.703,108.467,68.5565,470.106,56.6872,79.77,87.122,5.89129,16.9157,331.966,36.0727,85.1787
Scenario44,2,5500.9,61.7099,63.9406,71.7034,78.2343,2.19518,3.46954,477.929,118.773,95.7235,289,45.478,49.1445,34.4259,2.3826,7.17073,251.238,23.9305,61.0824
Scenario44,3,5500.9,61.8722,64.2463,67.5955,74.4288,2.31033,3.17361,633.91,137.151,121.861,310.669,49.0912,55.1248,65.6159,4.81681,11.9053,250.233,39.7357,77.3932
Scenario44,4,5500.9,61.8906,63.7722,70.1765,75.2837,2.46304,3.37518,377.807,158.917,81.4982,232.428,73.4419,55.238,93.9873,5.11083,16.8457,341.594,28.5717,66.6865
Scenario44,5,5500.9,61.6437,63.6374,70.6311,73.1332,2.53531,3.28718,244.966,105.774,67.3563,194.797,48.7416,50.1145,147.775,6.3615,21.6297,510.493,33.9803,91.9007
Scenario45,1,4001.4,43.5369,42.9318,46.1453,46.0842,0.948753,1.60053,241.076,59.1061,58.6475,158.861,26.3721,30.7567,81.9699,1.49036,11.0528,139.506,3.98575,21.4916
Scenario45,2,4001.4,43.7198,43.5755,46.0191,46.7353,0.800444,1.40229,215.862,62.1921,51.3803,128.775,24.7251,29.5717,36.3362,1.52055,6.54879,185.754,6.21824,28.7343
Scenario45,3,4001.4,43.6321,43.4963,45.6912,47.6592,0.753832,1.91648,475.605,59.5589,85.1299,329.683,27.4878,49.4998,33.5341,1.45859,6.23407,166.789,7.34621,28.4226
Scenario45,4,4001.4,43.7317,44.2397,47.3196,53.5245,1.15116,2.52765,249.037,77.2217,67.9952,171.248,36.1175,38.5298,40.884,1.62161,7.06834,191.102,7.75357,30.9365
Scenario45,5,4001.4,43.7235,43.9983,49.6097,52.6921,1.23933,3.08752,410.183,53.7838,68.7984,128.377,21.1136,28.869,23.7639,1.19104,5.01469,153.222,8.48828,31.4678
Scenario46,1,5500.9,59.6916,59.3329,62.6988,68.8302,1.00936,3.03295,230.867,59.9418,62.9961,233.912,25.3395,39.0604,22.9509,0.417289,3.0947,204.964,3.72661,27.6373
Scenario46,2,5500.9,59.8085,59.4001,61.5118,63.4765,0.769938,1.7661,220.146,63.7134,53.4597,117.132,21.8198,27.666,14.6387,0.266158,1.97388,75.846,1.37902,10.2271
Scenario46,3,5500.9,59.9237,59.3155,61.7924,65.7711,0.886969,2.02017,228.428,74.8306,72.1666,161.103,30.0646,39.8692,79.2051,1.44009,10.68,79.049,1.43725,10.659
Scenario46,4,5500.9,59.961,60.1626,63.5209,63.1397,1.12724,1.86021,253.585,82.3083,65.0043,181.405,34.1712,40.1575,48.5488,1.1975,6.90931,118.513,3.59292,19.0476
Scenario46,5,5500.9,59.8679,59.6026,61.6862,67.0315,0.977395,2.22118,292.637,67.6843,64.8684,184.8,31.0171,41.7695,0,0,0,0,0,0
Scenario47,1,4001.4,43.6029,43.6978,46.329,50.2307,0.945694,1.81078,241.838,59.4774,60.8218,162.003,28.176,36.2401,22.4426,0.810794,4.21238,110.087,3.98029,20.679
Scenario47,2,4001.4,43.7061,43.5772,45.9244,47.5179,0.873603,1.3131,236.639,67.586,60.2384,130.024,29.196,31.9599,25.1243,1.26871,5.33995,113.328,8.08971,26.2516
Scenario47,3,4001.4,43.7853,43.7432,47.0866,49.4985,0.909796,1.87502,321.915,73.5706,68.7055,146.674,30.0123,34.046,20.7901,0.378002,2.80334,113.545,3.44484,18.2593
Scenario47,4,4001.4,43.5902,43.7879,46.937,48.98,0.966199,1.7112,241.147,68.8243,62.5171,174.888,34.7659,44.3881,25.6323,1.30017,5.49155,191.102,6.83062,30.872
Scenario47,5,4001.4,43.6038,43.3734,45.2574,48.277,0.842791,1.87696,222.903,56.3452,64.9607,106.464,22.5318,33.683,78.2624,1.80264,10.8716,152.618,8.00283,29.7796
Scenario48,1,5500.9,59.7453,59.8144,64.4541,69.1112,1.17552,2.39081,260.607,65.8657,62.1566,157.336,25.6908,33.1705,0,0,0,0,0,0
Scenario48,2,5500.9,59.7667,59.4743,61.163,63.4765,0.769955,1.60365,212.323,61.7715,51.5902,140.361,22.7795,28.2721,0,0,0,0,0,0
Scenario48,3,5500.9,59.9146,59.3295,61.6318,66.2462,0.852649,1.87845,490.693,78.8706,98.9439,215.578,29.0518,41.4419,0,0,0,0,0,0
Scenario48,4,5500.9,60.0829,60.738,63.5209,68.2436,1.31637,2.27022,272.986,81.5381,64.1385,169.77,35.5937,38.1728,19.908,0.9971,4.1984,239.621,7.94307,37.0666
Scenario48,5,5500.9,59.857,59.7396,62.3772,63.3785,1.00905,2.11619,307.108,70.7299,73.0262,184.8,32.409,45.118,49.7234,0.904062,6.7047,79.4173,1.44395,10.7086
Scenario49,1,4001.4,43.7445,43.8164,48.1617,50.2362,1.21725,1.76884,197.598,53.6766,52.5341,146.364,21.5282,28.6634,81.9699,6.14898,17.2466,216.215,25.6427,50.5881
Scenario49,2,4001.4,43.8928,44.3441,51.9272,57.7841,1.56862,2.53266,161.47,63.5491,53.2772,108.601,28.3392,30.0916,25.6766,2.27452,7.26162,336.306,22.6869,70.6007
Scenario49,3,4001.4,43.591,43.5767,45.4367,45.9493,0.828365,1.1433,324.944,63.3403,70.4202,181.414,25.7883,33.6977,25.4011,1.68568,6.08591,158.68,12.4356,36.4406
Scenario49,4,4001.4,43.8881,44.3457,48.4623,58.3965,1.36381,2.837,281.091,71.0225,66.8498,257.838,33.0709,43.6773,90.1167,6.01993,15.9962,281.787,21.1578,57.6781
Scenario49,5,4001.4,43.598,43.7527,48.6115,56.9214,1.10039,2.38021,234.237,51.646,62.295,124.298,18.3167,29.002,67.2709,2.94033,10.8079,452.629,24.6026,86.7469
Scenario50,1,5500.9,60.2068,60.4714,72.3584,70.2771,2.27058,2.62491,237.177,62.9697,58.1388,229.021,30.1377,41.7164,18.4741,0.63814,3.32008,364.493,12.3195,57.3602
Scenario50,2,5500.9,59.8466,59.8502,61.7243,63.8182,0.900082,1.57381,168.602,63.7013,50.569,149.989,26.4752,30.4767,75.6242,2.3779,10.9081,131.468,7.40667,27.4626
Scenario50,3,5500.9,59.931,60.0408,66.0072,70.6263,1.37611,2.12616,389.333,90.3738,110.495,386.063,42.7143,76.4502,16.3831,0.297874,2.20909,78.1734,2.80298,14.5637
Scenario50,4,5500.9,60.1007,60.8441,66.4293,87.8973,1.58327,4.16417,199.178,85.7349,62.828,181.405,38.0608,37.5393,33.2841,0.899618,4.9546,79.2882,2.84385,14.776
Scenario50,5,5500.9,59.9333,60.1023,63.1856,64.0031,1.10255,2.05212,237.071,73.3878,67.7231,187.729,27.4066,38.023,79.3354,2.15616,11.229,232.369,7.76381,34.5904
Scenario51,1,4001.4,44.4937,44.8637,57.6348,66.2567,2.77413,3.82111,207.912,66.9761,58.2845,125.578,27.0618,31.7433,196.506,10.6297,29.323,500.772,59.3447,117.021
Scenario51,2,4001.4,44.0303,44.4401,55.1267,57.7086,2.12526,3.00591,199.952,67.5792,62.7315,118.265,28.5788,32.0009,111.386,6.85441,17.7912,664.199,55.6326,134.903
Scenario51,3,4001.4,44.1162,44.6599,49.0635,53.016,1.47619,2.05283,493.077,90.7703,87.9491,332.275,38.3199,52.5086,34.3499,4.3577,10.0303,242.975,30.636,63.7044
Scenario51,4,4001.4,43.8717,44.5099,47.0194,49.0168,1.06956,1.63595,215.432,91.7109,59.6047,187.852,48.2458,44.5739,44.3903,2.43012,8.98736,178.412,13.1339,38.2541
Scenario51,5,4001.4,43.9242,44.4629,52.8429,52.1532,1.72057,1.83895,215.156,78.9729,67.281,198.563,33.6597,41.5035,88.9416,7.32634,19.8278,358.359,34.329,78.2836
Scenario52,1,5500.9,60.1707,60.6029,70.5053,73.2762,1.99928,2.72555,239.486,62.6311,60.3338,137.497,27.7524,31.7087,90.4306,2.91061,13.345,493.883,16.5421,71.5167
Scenario52,2,5500.9,60.1145,60.7233,66.8138,73.552,1.32343,2.41486,220.146,76.044,61.1235,106.608,29.7151,31.0698,222.238,6.65857,30.6487,405.672,18.7757,62.9756
Scenario52,3,5500.9,60.57,61.3353,76.5284,86.3662,2.98436,4.05268,311.673,101.16,75.264,274.561,36.0913,45.0016,77.7466,3.63552,12.0619,538.301,40.8737,108.075
Scenario52,4,5500.9,60.1606,60.7329,63.6005,65.8234,1.33024,1.72922,231.014,112.296,62.2234,147.189,46.887,36.8617,19.699,1.32138,4.77442,150.037,7.91947,29.7611
Scenario52,5,5500.9,60.1856,60.8636,67.6283,71.1269,1.82077,2.4328,207.714,81.8191,64.3439,111.497,33.5973,31.5582,78.1257,3.57076,11.9896,315.355,19.893,58.3505
Scenario53,1,4001.4,43.5798,0,45.6573,0,0.877737,0,256.304,60.4855,64.4072,217.349,26.8344,40.5643,43.8951,0.798092,5.91881,78.8968,2.39646,12.6989
Scenario53,2,4001.4,43.68,0,46.0191,0,0.759906,0,145.602,50.9218,47.6953,80.4301,18.381,23.6166,36.4051,0.661911,4.90887,168.041,3.05529,22.6586
Scenario53,3,4001.4,43.8032,0,46.1653,0,0.802341,0,215.071,68.8977,61.7833,145.837,29.6551,33.5124,0,0,0,79.8558,2.86749,14.8986
Scenario53,4,4001.4,43.8115,0,47.3296,0,1.05969,0,219.335,75.1554,62.9997,171.248,32.9286,37.9232,40.884,2.2589,8.31707,191.102,11.658,36.5296
Scenario53,5,4001.4,43.7672,0,49.5874,0,1.22022,0,409.456,58.7236,75.6518,184.688,24.0803,33.1556,23.7639,0.811353,4.22444,153.222,8.46315,31.4127
Scenario54,1,5500.9,59.8852,0,63.5395,0,1.23102,0,226.168,64.132,59.887,173.854,29.6958,40.5331,27.837,0.506127,3.75354,76.4693,1.39035,10.3111
Scenario54,2,5500.9,59.9061,0,61.3191,0,0.739158,0,220.146,60.6105,51.5493,144.716,23.1612,26.6006,22.5015,1.09261,4.61223,135.403,5.85017,25.1443
Scenario54,3,5500.9,59.9091,0,62.7692,0,0.8891,0,333.277,77.3675,80.4406,176.177,34.086,46.6763,0,0,0,0,0,0
Scenario54,4,5500.9,59.8628,0,63.5209,0,1.07075,0,221.178,76.2335,64.3321,135.574,33.5606,31.5265,19.3571,0.351947,2.61011,80.0107,1.45474,10.7886
Scenario54,5,5500.9,59.8892,0,61.764,0,0.922928,0,310.803,66.8729,66.7641,153.211,27.7314,34.0371,30.5404,0.555279,4.11806,124.779,2.26871,16.8252
Scenario55,1,4000.49,43.6028,44.7175,50.4113,57.465,1.41858,3.24556,-1000,-1000,-1000,-1000,-1000,-1000,405.609,37.914,91.9824,267.217,30.2156,61.9879
Scenario55,2,4000.49,44.031,44.8813,54.5022,56.5393,2.16741,3.57018,-1000,-1000,-1000,-1000,-1000,-1000,217.737,27.9667,57.4503,425.722,48.1107,79.992
Scenario55,3,4000.49,43.9999,44.4218,53.4033,50.7074,1.95882,1.85895,-1000,-1000,-1000,-1000,-1000,-1000,206.069,34.4773,61.5708,250.759,41.3917,66.1159
Scenario55,4,4000.49,45.159,46.0671,61.7053,57.8035,3.85743,4.14524,-1000,-1000,-1000,-1000,-1000,-1000,170.01,32.4607,50.2508,444.591,96.5349,111.023
Scenario55,5,4000.49,44.8076,46.1363,68.2624,60.8388,3.90814,4.04449,-1000,-1000,-1000,-1000,-1000,-1000,396.838,75.6107,102.271,564.741,82.6992,116.223
Scenario56,1,5500.36,59.3343,60.1555,62.197,64.4069,0.996681,1.81353,-1000,-1000,-1000,-1000,-1000,-1000,0,0,0,0,0,0
Scenario56,2,5500.36,59.5851,60.3509,66.2179,68.6999,1.19498,2.80351,-1000,-1000,-1000,-1000,-1000,-1000,57.9409,1.51234,8.46377,237.816,7.63582,36.0829
Scenario56,3,5500.36,59.3153,60.2806,61.1119,64.6005,0.899893,1.95348,-1000,-1000,-1000,-1000,-1000,-1000,20.2681,0.712301,3.7029,127.147,5.27406,22.7403
Scenario56,4,5500.36,59.8355,61.1048,70.0705,80.6315,2.18482,4.18473,-1000,-1000,-1000,-1000,-1000,-1000,26.6935,0.95222,4.948,410.934,11.58,62.7388
Scenario56,5,5500.36,59.6343,60.5639,63.1371,66.1832,1.0158,2.10434,-1000,-1000,-1000,-1000,-1000,-1000,22.2425,0.801201,4.16264,232.219,11.975,46.1914
Scenario57,1,4000.49,43.6893,45.1076,48.8712,59.1714,1.44096,3.11984,-1000,-1000,-1000,-1000,-1000,-1000,326.091,36.371,82.6405,319.402,34.7732,70.6854
Scenario57,2,4000.49,43.9576,44.9551,50.2536,58.0403,1.47836,2.68053,-1000,-1000,-1000,-1000,-1000,-1000,264.46,45.1613,74.9895,336.816,58.0194,73.5411
Scenario57,3,4000.49,44.0653,45.1645,54.2731,55.693,1.90178,2.6322,-1000,-1000,-1000,-1000,-1000,-1000,268.427,30.8411,60.1448,280.396,46.8299,69.0661
Scenario57,4,4000.49,44.1555,45.7043,59.3758,71.2977,2.6257,5.21923,-1000,-1000,-1000,-1000,-1000,-1000,374.363,34.4372,73.4824,398.899,58.8487,95.0392
Scenario57,5,4000.49,44.5387,45.7175,56.9976,67.281,2.78879,4.15141,-1000,-1000,-1000,-1000,-1000,-1000,321.705,67.2423,96.5894,286.991,65.0785,79.9836
Scenario58,1,5500.36,59.5319,60.6977,64.5345,65.8114,1.21731,1.73556,-1000,-1000,-1000,-1000,-1000,-1000,26.0689,0.47398,3.51513,208.824,7.22525,37.5876
Scenario58,2,5500.36,59.5106,60.3083,61.4296,64.7118,0.796676,1.92216,-1000,-1000,-1000,-1000,-1000,-1000,0,0,0,0,0,0
Scenario58,3,5500.36,59.5566,60.5596,70.2917,66.5399,1.73824,1.88078,-1000,-1000,-1000,-1000,-1000,-1000,24.8121,1.16442,4.92839,273.896,14.3006,51.3849
Scenario58,4,5500.36,59.3927,60.007,61.3216,65.2607,0.962298,1.80344,-1000,-1000,-1000,-1000,-1000,-1000,19.7908,0.359833,2.66859,78.6693,1.43035,10.6078
Scenario58,5,5500.36,59.5581,60.5633,61.5933,66.1832,0.938131,2.24256,-1000,-1000,-1000,-1000,-1000,-1000,189.536,3.89642,25.7129,207.056,10.2505,39.0404
Scenario59,1,4000.49,44.4864,45.8522,53.0013,58.0454,2.42518,3.77534,-1000,-1000,-1000,-1000,-1000,-1000,365.811,42.2233,90.9311,319.402,72.5448,97.9409
Scenario59,2,4000.49,44.5472,45.8804,58.2027,70.1659,3.11089,5.02859,-1000,-1000,-1000,-1000,-1000,-1000,278.709,52.0528,72.5545,408.713,67.43,86.8256
Scenario59,3,4000.49,45.197,46.4786,56.5934,59.4637,3.27478,4.52538,-1000,-1000,-1000,-1000,-1000,-1000,419.97,85.1153,126.004,390.268,94.4409,114.658
Scenario59,4,4000.49,45.86,47.2984,69.2154,70.6776,5.54683,6.89951,-1000,-1000,-1000,-1000,-1000,-1000,322.179,58.7965,79.9294,568.713,122.113,158.178
Scenario59,5,4000.49,44.3384,46.0683,54.5546,57.7425,1.99446,3.52773,-1000,-1000,-1000,-1000,-1000,-1000,461.603,81.0188,107.077,286.991,72.0084,81.2901
Scenario60,1,5500.36,59.7145,60.6541,64.9824,67.3419,1.55249,2.34323,-1000,-1000,-1000,-1000,-1000,-1000,403.566,16.4119,70.3244,328.288,20.4554,62.909
Scenario60,2,5500.36,59.6511,60.2908,63.2641,65.9155,1.02086,1.86616,-1000,-1000,-1000,-1000,-1000,-1000,79.6703,3.55717,12.9893,259.065,16.7995,51.5554
Scenario60,3,5500.36,59.6843,60.5514,65.092,65.1831,1.28345,1.70159,-1000,-1000,-1000,-1000,-1000,-1000,79.0292,4.04034,12.7908,266.485,21.6473,57.5366
Scenario60,4,5500.36,59.6271,60.4475,66.0872,72.017,1.41471,2.67721,-1000,-1000,-1000,-1000,-1000,-1000,338.989,12.8064,52.0049,273.095,15.3387,51.0564
Scenario60,5,5500.36,59.5899,60.7058,61.6201,64.6456,0.941857,1.66164,-1000,-1000,-1000,-1000,-1000,-1000,189.536,6.7345,29.3158,207.056,10.8468,39.4135
Scenario61,1,4000.49,45.7936,47.082,62.4459,71.1773,4.21772,5.66571,-1000,-1000,-1000,-1000,-1000,-1000,502.994,81.416,125.086,583.862,117.287,144.479
Scenario61,2,4000.49,45.4356,46.3491,52.7057,56.4313,2.66005,3.51759,-1000,-1000,-1000,-1000,-1000,-1000,371.315,86.2864,98.1956,378.633,116.881,101.218
Scenario61,3,4000.49,46.3791,47.3654,60.4325,63.2598,4.00424,4.49721,-1000,-1000,-1000,-1000,-1000,-1000,408.23,94.5916,116.195,381.259,132.188,108.948
Scenario61,4,4000.49,47.685,49.1786,69.2963,70.2048,5.83339,6.8435,-1000,-1000,-1000,-1000,-1000,-1000,591.874,122.649,142.571,512.006,185.653,146.204
Scenario61,5,4000.49,46.0613,47.6117,61.396,65.4331,4.23243,5.07406,-1000,-1000,-1000,-1000,-1000,-1000,383.779,107.625,110.911,503.522,157.997,140.711
Scenario62,1,5500.36,60.4389,61.119,72.3681,72.0061,2.68079,2.88495,-1000,-1000,-1000,-1000,-1000,-1000,115.796,6.96605,20.3495,364.885,42.0534,89.0768
Scenario62,2,5500.36,60.2385,61.1182,70.3173,78.2478,1.98976,3.17933,-1000,-1000,-1000,-1000,-1000,-1000,403.208,44.2226,93.0077,656.321,37.7038,102.188
Scenario62,3,5500.36,60.1866,60.988,64.3545,65.8278,1.643,2.04931,-1000,-1000,-1000,-1000,-1000,-1000,283.829,29.62,70.0723,441.495,42.3675,82.7025
Scenario62,4,5500.36,60.5691,61.4822,67.2877,72.1163,2.31373,3.36568,-1000,-1000,-1000,-1000,-1000,-1000,527.912,60.6143,135.168,318.997,66.9831,99.4946
Scenario62,5,5500.36,60.0902,60.9595,66.9266,67.2242,1.98942,2.18567,-1000,-1000,-1000,-1000,-1000,-1000,339.381,26.2935,68.3688,291.481,36.4522,70.1769
Scenario63,1,4000.49,43.3561,42.9466,47.9675,46.4384,1.11021,1.26495,-1000,-1000,-1000,-1000,-1000,-1000,306.883,26.7789,73.1427,239.503,22.4763,50.6037
Scenario63,2,4000.49,44.0337,44.086,54.7273,59.4879,2.25063,3.5574,-1000,-1000,-1000,-1000,-1000,-1000,171.028,18.0338,38.5466,425.722,50.3361,80.1726
Scenario63,3,4000.49,43.5977,43.246,47.2994,53.8385,1.16518,2.31646,-1000,-1000,-1000,-1000,-1000,-1000,356.44,31.0503,70.4582,187.355,38.4183,56.1074
Scenario63,4,4000.49,44.3685,45.7565,56.2043,58.6944,2.64003,3.99925,-1000,-1000,-1000,-1000,-1000,-1000,316.274,28.2442,59.5254,348.103,62.5599,85.4174
Scenario63,5,4000.49,44.3148,43.6677,56.9976,46.41,2.14959,1.3685,-1000,-1000,-1000,-1000,-1000,-1000,246.7,50.4181,81.8094,303.234,61.3082,83.5505
Scenario64,1,5500.36,59.3011,58.8533,62.197,64.6905,0.96423,2.14997,-1000,-1000,-1000,-1000,-1000,-1000,21.8031,0.39642,2.93993,140.293,2.55078,18.9171
Scenario64,2,5500.36,59.5511,59.3477,66.1186,65.7273,1.20242,2.49836,-1000,-1000,-1000,-1000,-1000,-1000,27.4609,0.958164,4.98251,237.816,7.63998,36.0912
Scenario64,3,5500.36,59.29,58.6426,61.1119,62.2767,0.979582,1.88302,-1000,-1000,-1000,-1000,-1000,-1000,18.9085,0.685182,3.55972,127.147,5.55391,23.7334
Scenario64,4,5500.36,59.5162,60.0316,65.3852,74.2704,1.29627,3.33016,-1000,-1000,-1000,-1000,-1000,-1000,25.6786,0.920165,4.78104,269.275,9.03136,42.2979
Scenario64,5,5500.36,59.5471,59.7142,61.771,63.595,0.855953,1.97198,-1000,-1000,-1000,-1000,-1000,-1000,0,0,0,0,0,0
Scenario65,1,4000.49,43.6132,43.7449,50.6404,55.6672,1.48734,2.40072,-1000,-1000,-1000,-1000,-1000,-1000,275.989,25.9147,62.236,309.624,38.232,72.495
Scenario65,2,4000.49,43.6646,43.9408,49.1413,59.2186,1.14572,2.98389,-1000,-1000,-1000,-1000,-1000,-1000,184.215,20.7769,44.0328,166.065,36.4521,52.8808
Scenario65,3,4000.49,43.7449,43.6938,49.0627,53.5997,1.55409,2.26052,-1000,-1000,-1000,-1000,-1000,-1000,236.636,22.3655,49.602,266.758,40.3554,69.107
Scenario65,4,4000.49,44.0554,45.3904,50.9326,80,1.70837,6.36732,-1000,-1000,-1000,-1000,-1000,-1000,330.385,37.7515,76.2168,316.394,53.4448,72.9927
Scenario65,5,4000.49,44.2665,43.5683,56.9976,51.3383,2.3295,2.05636,-1000,-1000,-1000,-1000,-1000,-1000,321.705,50.1722,86.5883,284.464,59.3001,85.192
Scenario66,1,5500.36,59.2418,59.1671,63.0438,64.2168,1.01266,1.75787,-1000,-1000,-1000,-1000,-1000,-1000,77.8345,1.96314,11.1841,77.5232,2.10101,11.5578
Scenario66,2,5500.36,59.3644,59.1106,61.0683,64.5836,0.836935,1.78169,-1000,-1000,-1000,-1000,-1000,-1000,27.4609,0.49929,3.70283,77.7557,1.41374,10.4846
Scenario66,3,5500.36,59.2945,58.9139,61.5685,64.6303,1.03179,2.01494,-1000,-1000,-1000,-1000,-1000,-1000,24.7044,0.44917,3.33114,168.917,6.04439,31.4065
Scenario66,4,5500.36,59.4065,59.6826,62.1156,63.0306,1.04079,1.82044,-1000,-1000,-1000,-1000,-1000,-1000,21.922,0.398582,2.95596,179.122,7.38964,32.6737
Scenario66,5,5500.36,59.4757,59.1197,61.8547,63.3963,0.981766,2.2436,-1000,-1000,-1000,-1000,-1000,-1000,22.3692,0.406713,3.01627,206.345,3.75173,27.8236
Scenario67,1,4000.49,43.5643,43.7859,48.9105,62.8486,1.44898,3.25089,-1000,-1000,-1000,-1000,-1000,-1000,350.486,34.5549,74.7834,223.317,43.2323,60.7312
Scenario67,2,4000.49,43.6358,43.919,50.6079,59.2186,1.38097,2.53895,-1000,-1000,-1000,-1000,-1000,-1000,241.464,37.7293,65.9809,321.24,49.7445,74.3395
Scenario67,3,4000.49,45.2671,45.2923,75.6361,77.7486,5.41881,5.96581,-1000,-1000,-1000,-1000,-1000,-1000,550.513,57.7123,102.044,603.466,91.1789,139.586
Scenario67,4,4000.49,44.6057,44.8049,53.934,67.9038,2.70526,4.0017,-1000,-1000,-1000,-1000,-1000,-1000,348.884,55.7577,87.9632,333.695,73.8027,100.187
Scenario67,5,4000.49,44.3652,45.3394,53.1228,67.4456,2.48249,4.74452,-1000,-1000,-1000,-1000,-1000,-1000,345.331,51.8724,88.6705,443.35,78.9475,119.743
Scenario68,1,5500.36,59.4571,59.4155,66.6249,69.5321,1.53588,2.35912,-1000,-1000,-1000,-1000,-1000,-1000,75.2604,2.69472,11.4275,328.87,16.3126,55.211
Scenario68,2,5500.36,59.2437,59.3219,61.223,62.8088,0.81139,1.50163,-1000,-1000,-1000,-1000,-1000,-1000,78.2771,2.36279,11.5155,77.7557,3.68466,15.838
Scenario68,3,5500.36,59.4237,59.5656,67.5401,67.7631,1.43575,1.8653,-1000,-1000,-1000,-1000,-1000,-1000,25.5222,1.69515,6.1344,329.518,17.2945,60.7833
Scenario68,4,5500.36,59.2903,59.389,61.8443,62.0697,0.950742,1.53233,-1000,-1000,-1000,-1000,-1000,-1000,176.996,3.61235,23.9908,151.899,8.83558,31.7293
Scenario68,5,5500.36,59.3939,59.5776,61.0216,63.3959,0.705598,1.45968,-1000,-1000,-1000,-1000,-1000,-1000,77.3167,3.1222,12.6817,387.306,11.818,55.4101
Scenario69,1,4000.49,43.9349,44.381,49.5881,50.8616,1.74803,2.41789,-1000,-1000,-1000,-1000,-1000,-1000,214.653,43.5156,65.6233,303.668,62.8698,84.6628
Scenario69,2,4000.49,44.0669,44.5178,56.8291,62.8547,2.39873,3.32938,-1000,-1000,-1000,-1000,-1000,-1000,242.193,37.4014,65.3394,566.792,81.7046,123.255
Scenario69,3,4000.49,44.3406,44.6787,53.1977,54.0244,2.32271,2.77941,-1000,-1000,-1000,-1000,-1000,-1000,342.696,67.1861,94.3018,347.483,84.1692,103.139
Scenario69,4,4000.49,43.6147,43.7769,51.5397,53.9125,1.57005,2.12857,-1000,-1000,-1000,-1000,-1000,-1000,325.077,44.6486,76.2669,376.441,50.3443,76.1937
Scenario69,5,4000.49,44.0637,44.3883,49.0628,51.9442,1.76609,2.28288,-1000,-1000,-1000,-1000,-1000,-1000,329.252,53.9808,83.3363,293.792,73.7762,91.5786
Scenario70,1,5500.36,59.1225,59.3148,60.9334,62.3967,0.926196,1.53126,-1000,-1000,-1000,-1000,-1000,-1000,182.287,7.15775,32.5945,80.1527,5.09453,17.6714
Scenario70,2,5500.36,59.338,59.5884,64.4876,65.8238,1.07006,1.38261,-1000,-1000,-1000,-1000,-1000,-1000,124.085,4.16579,19.9022,191.751,6.28358,28.4719
Scenario70,3,5500.36,59.6177,59.8847,67.3587,69.0793,1.79052,2.28661,-1000,-1000,-1000,-1000,-1000,-1000,36.5639,2.6785,7.93884,511.971,27.403,88.7842
Scenario70,4,5500.36,59.2414,59.465,62.4181,71.2704,1.06526,2.19028,-1000,-1000,-1000,-1000,-1000,-1000,301.047,14.2765,57.2497,266.888,8.55153,39.3347
Scenario70,5,5500.36,59.2715,59.5227,62.0373,63.7041,0.838267,1.32206,-1000,-1000,-1000,-1000,-1000,-1000,139.529,4.2521,19.6146,108.999,7.22198,24.3688
Scenario71,1,4000.49,43.5537,0,47.3473,0,1.14453,0,-1000,-1000,-1000,-1000,-1000,-1000,213.735,17.2764,41.0177,218.864,27.8511,54.2343
Scenario71,2,4000.49,44.0301,0,58.9131,0,2.54336,0,-1000,-1000,-1000,-1000,-1000,-1000,171.028,21.6762,45.2734,488.074,54.6971,105.443
Scenario71,3,4000.49,43.6988,0,50.1892,0,1.30511,0,-1000,-1000,-1000,-1000,-1000,-1000,253.184,20.1253,52.241,302.551,36.8521,71.0279
Scenario71,4,4000.49,44.5044,0,56.2046,0,2.94342,0,-1000,-1000,-1000,-1000,-1000,-1000,199.377,26.6508,50.3132,348.103,61.2489,93.0644
Scenario71,5,4000.49,44.2322,0,50.9595,0,1.7202,0,-1000,-1000,-1000,-1000,-1000,-1000,239.786,39.5793,66.136,303.155,63.5614,82.281
Scenario72,1,5500.36,59.4996,0,67.1726,0,1.44324,0,-1000,-1000,-1000,-1000,-1000,-1000,25.4501,0.462729,3.43169,264.238,6.20102,36.9203
Scenario72,2,5500.36,59.5547,0,66.1632,0,1.22006,0,-1000,-1000,-1000,-1000,-1000,-1000,25.2381,1.1436,4.85754,237.816,11.1484,39.95
Scenario72,3,5500.36,59.2669,0,61.1119,0,0.88577,0,-1000,-1000,-1000,-1000,-1000,-1000,25.4985,0.46361,3.43822,189.71,3.44928,25.5805
Scenario72,4,5500.36,59.459,0,62.1877,0,0.988281,0,-1000,-1000,-1000,-1000,-1000,-1000,24.9305,0.453282,3.36163,150.616,4.13541,22.6273
Scenario72,5,5500.36,59.5694,0,61.9149,0,0.878801,0,-1000,-1000,-1000,-1000,-1000,-1000,45.5115,0.827482,6.13677,113.135,4.82486,20.6866
